"captain"|"0.0"
"crossbar"|"0.0"
"foul"|"0.0"
"enjoy"|"0.0"
"new"|"0.0"
"net"|"0.0"
"credit"|"0.0"
"strike"|"0.0"
"award"|"0.0"
"work"|"0.0"
"banged"|"0.0"
"before"|"0.0"
"scoring"|"0.0"
"each"|"0.0"
"went"|"0.0"
"matter"|"0.0"
"subreddit"|"0.0"
"55"|"0.0"
"night"|"0.0"
"form"|"0.0"
"congratulations"|"0.0"
"zidane"|"0.0"
"serious"|"0.0"
"scorpion"|"0.0"
"dude"|"0.0"
"live"|"0.0"
"deserved"|"0.0"
"making"|"0.0"
"awesome"|"0.0"
"heard"|"0.0"
"allowed"|"0.0"
"means"|"0.0"
"course"|"0.0"
"interesting"|"0.0"
"wont"|"0.0"
"lads"|"0.0"
"happen"|"0.0"
"looking"|"0.0"
"seriously"|"0.0"
"correct"|"0.0"
"million"|"0.0"
"honest"|"0.0"
"turned"|"0.0"
"saw"|"0.0"
"take"|"0.0"
"america"|"0.0"
"especially"|"0.0"
"salt"|"0.0"
"title"|"0.0"
"truly"|"0.0"
"golazo"|"0.0"
"blame"|"0.0"
"s"|"0.0"
"robbed"|"0.0"
"situation"|"0.0"
"totally"|"0.0"
"lets"|"0.0"
"early"|"0.0"
"65"|"0.0"
"start"|"0.0"
"mandzukic"|"0.0"
"am"|"0.0"
"having"|"0.0"
"very"|"0.0"
"hours"|"0.0"
"arent"|"0.0"
"imagine"|"0.0"
"beautiful"|"0.0"
"goat"|"0.0"
"shouldnt"|"0.0"
"die"|"0.0"
"hard"|"0.0"
"missed"|"0.0"
"ass"|"0.0"
"put"|"0.0"
"least"|"0.0"
"build"|"0.0"
"gold"|"0.0"
"damn"|"0.0"
"4"|"0.0"
"moment"|"0.0"
"aggregate"|"0.0"
"run"|"0.0"
"idk"|"0.0"
"within"|"0.0"
"boys"|"0.0"
"single"|"0.0"
"chat"|"0.0"
"definitely"|"0.0"
"once"|"0.0"
"giving"|"0.0"
"let"|"0.0"
"30"|"0.0"
"zlatan"|"0.0"
"doubt"|"0.0"
"dreams"|"0.0"
"unreal"|"0.0"
"instead"|"0.0"
"move"|"0.0"
"looks"|"0.0"
"perfect"|"0.0"
"blatant"|"0.0"
"legendary"|"0.0"
"cause"|"0.0"
"shut"|"0.0"
"jesus"|"0.0"
"tonight"|"0.0"
"striker"|"0.0"
"upvote"|"0.0"
"winner"|"0.0"
"hope"|"0.0"
"lucky"|"0.0"
"stuff"|"0.0"
"favor"|"0.0"
"commenting"|"0.0"
"decent"|"0.0"
"harder"|"0.0"
"party"|"0.0"
"gets"|"0.0"
"day"|"0.0"
"historic"|"0.0"
"future"|"0.0"
"actual"|"0.0"
"getting"|"0.0"
"own"|"0.0"
"buy"|"0.0"
"hi"|"0.0"
"still"|"0.024362709534372976"
"think"|"0.024362709534372976"
"him"|"0.024362709534372976"
"yellow"|"0.02436270953437298"
"paris"|"0.02436270953437298"
"sorry"|"0.02436270953437298"
"every"|"0.02436270953437298"
"hate"|"0.02436270953437298"
"surely"|"0.02436270953437298"
"total"|"0.02436270953437298"
"would"|"0.02436270953437298"
"until"|"0.02436270953437298"
"tell"|"0.02436270953437298"
"holy"|"0.02436270953437298"
"haha"|"0.02436270953437298"
"must"|"0.02436270953437298"
"player"|"0.02436270953437298"
"give"|"0.02436270953437298"
"want"|"0.02436270953437298"
"story"|"0.02436270953437298"
"end"|"0.02436270953437298"
"amazing"|"0.02436270953437298"
"beauty"|"0.02436270953437298"
"after"|"0.02436270953437298"
"wrong"|"0.02436270953437298"
"wins"|"0.02436270953437298"
"fifa"|"0.02436270953437298"
"defenders"|"0.02436270953437298"
"better"|"0.02436270953437298"
"them"|"0.02436270953437298"
"mean"|"0.02436270953437298"
"god"|"0.02436270953437298"
"free"|"0.02436270953437298"
"ramos"|"0.02436270953437298"
"another"|"0.02436270953437298"
"anyone"|"0.02436270953437298"
"took"|"0.02436270953437298"
"ochoa"|"0.02436270953437298"
"talking"|"0.02436270953437298"
"seen"|"0.02436270953437298"
"though"|"0.02436270953437298"
"conceded"|"0.02436270953437298"
"points"|"0.02436270953437298"
"came"|"0.02436270953437298"
"di"|"0.02436270953437298"
"azteca"|"0.02436270953437298"
"decided"|"0.02436270953437298"
"said"|"0.02436270953437298"
"reddit"|"0.02436270953437298"
"terms"|"0.02436270953437298"
"ill"|"0.02436270953437298"
"players"|"0.02436270953437298"
"games"|"0.02436270953437298"
"spurs"|"0.02436270953437298"
"much"|"0.02436270953437298"
"life"|"0.02436270953437298"
"cunt"|"0.02436270953437298"
"played"|"0.02436270953437298"
"shame"|"0.02436270953437298"
"cant"|"0.02436270953437298"
"id"|"0.02436270953437298"
"amount"|"0.02436270953437298"
"hand"|"0.02436270953437298"
"youre"|"0.02436270953437298"
"contact"|"0.02436270953437298"
"left"|"0.02436270953437298"
"yes"|"0.02436270953437298"
"yet"|"0.02436270953437298"
"had"|"0.02436270953437298"
"51"|"0.02436270953437298"
"deal"|"0.02436270953437298"
"people"|"0.02436270953437298"
"dead"|"0.02436270953437298"
"deleted"|"0.02436270953437298"
"mascherano"|"0.02436270953437298"
"post"|"0.02436270953437298"
"super"|"0.02436270953437298"
"whats"|"0.02436270953437298"
"son"|"0.02436270953437298"
"support"|"0.02436270953437298"
"way"|"0.02436270953437298"
"removed"|"0.02436270953437298"
"true"|"0.02436270953437298"
"posting"|"0.02436270953437298"
"scored"|"0.02436270953437298"
"why"|"0.02436270953437298"
"scores"|"0.02436270953437298"
"uefa"|"0.02436270953437298"
"time"|"0.02436270953437298"
"managed"|"0.02436270953437298"
"playoffs"|"0.02436270953437298"
"finally"|"0.02436270953437298"
"minute"|"0.02436270953437298"
"impressive"|"0.02436270953437298"
"quick"|"0.02436270953437298"
"goes"|"0.02436270953437298"
"wait"|"0.02436270953437298"
"box"|"0.02436270953437298"
"bot"|"0.02436270953437298"
"love"|"0.02436270953437298"
"extra"|"0.02436270953437298"
"keeper"|"0.02436270953437298"
"by"|"0.02436270953437298"
"club"|"0.02436270953437298"
"crazy"|"0.02436270953437298"
"trump"|"0.02436270953437298"
"may"|"0.02436270953437298"
"dive"|"0.02436270953437298"
"needs"|"0.02436270953437298"
"such"|"0.02436270953437298"
"guys"|"0.02436270953437298"
"complaining"|"0.02436270953437298"
"talk"|"0.02436270953437298"
"typical"|"0.02436270953437298"
"years"|"0.02436270953437298"
"thank"|"0.02436270953437298"
"chelsea"|"0.02436270953437298"
"half"|"0.02436270953437298"
"now"|"0.02436270953437298"
"name"|"0.02436270953437298"
"times"|"0.02436270953437298"
"replay"|"0.02436270953437298"
"quite"|"0.02436270953437298"
"care"|"0.02436270953437298"
"place"|"0.02436270953437298"
"massive"|"0.02436270953437298"
"little"|"0.02436270953437298"
"season"|"0.02436270953437298"
"10"|"0.02436270953437298"
"15"|"0.02436270953437298"
"16"|"0.02436270953437298"
"bradleys"|"0.02436270953437298"
"were"|"0.02436270953437298"
"premier"|"0.02436270953437298"
"sad"|"0.02436270953437298"
"any"|"0.02436270953437298"
"average"|"0.02436270953437298"
"3"|"0.02436270953437298"
"only"|"0.02436270953437298"
"going"|"0.02436270953437298"
"get"|"0.02436270953437298"
"stupid"|"0.02436270953437298"
"dived"|"0.02436270953437298"
"dives"|"0.02436270953437298"
"enough"|"0.02436270953437298"
"comeback"|"0.02436270953437298"
"many"|"0.02436270953437298"
"61"|"0.02436270953437298"
"cares"|"0.02436270953437298"
"mark"|"0.02436270953437298"
"tournament"|"0.02436270953437298"
"myself"|"0.02436270953437298"
"these"|"0.02436270953437298"
"might"|"0.02436270953437298"
"ive"|"0.02436270953437298"
"pay"|"0.02436270953437298"
"week"|"0.02436270953437298"
"without"|"0.02436270953437298"
"being"|"0.02436270953437298"
"rest"|"0.02436270953437298"
"psg"|"0.02436270953437298"
"diving"|"0.02436270953437298"
"deficit"|"0.02436270953437298"
"football"|"0.02436270953437298"
"oh"|"0.02436270953437298"
"luck"|"0.02436270953437298"
"neymar"|"0.02436270953437298"
"hes"|"0.02436270953437298"
"there"|"0.02436270953437298"
"lol"|"0.02436270953437298"
"racist"|"0.02436270953437298"
"lot"|"0.02436270953437298"
"trying"|"0.02436270953437298"
"ronaldo"|"0.02436270953437298"
"dirty"|"0.02436270953437298"
"liverpool"|"0.02436270953437298"
"offside"|"0.02436270953437298"
"poor"|"0.02436270953437298"
"important"|"0.02436270953437298"
"calls"|"0.02436270953437298"
"forget"|"0.02436270953437298"
"messi"|"0.02436270953437298"
"gt"|"0.02436270953437298"
"follow"|"0.02436270953437298"
"case"|"0.02436270953437298"
"mkhis"|"0.02436270953437298"
"penalties"|"0.02436270953437298"
"pass"|"0.02436270953437298"
"sub"|"0.02436270953437298"
"learned"|"0.02436270953437298"
"full"|"0.02436270953437298"
"ahead"|"0.02436270953437298"
"takes"|"0.02436270953437298"
"two"|"0.02436270953437298"
"6"|"0.02436270953437298"
"basically"|"0.02436270953437298"
"history"|"0.02436270953437298"
"salty"|"0.02436270953437298"
"sense"|"0.02436270953437298"
"juve"|"0.02436270953437298"
"rather"|"0.02436270953437298"
"fc"|"0.02436270953437298"
"coming"|"0.02436270953437298"
"mexican"|"0.02436270953437298"
"isnt"|"0.02436270953437298"
"same"|"0.02436270953437298"
"hell"|"0.02436270953437298"
"20"|"0.02436270953437298"
"actually"|"0.02436270953437298"
"soccer"|"0.02436270953437298"
"always"|"0.02436270953437298"
"idea"|"0.02436270953437298"
"foxes"|"0.02436270953437298"
"finish"|"0.02436270953437298"
"since"|"0.02436270953437298"
"reason"|"0.02436270953437298"
"thread"|"0.02436270953437298"
"american"|"0.02436270953437298"
"superbowl"|"0.02436270953437298"
"feel"|"0.02436270953437298"
"arsenal"|"0.02436270953437298"
"fucked"|"0.02436270953437298"
"done"|"0.02436270953437298"
"guess"|"0.02436270953437298"
"behind"|"0.02436270953437298"
"kind"|"0.02436270953437298"
"play"|"0.02436270953437298"
"nothing"|"0.02436270953437298"
"clear"|"0.02436270953437298"
"mexico"|"0.02436270953437298"
"defender"|"0.02436270953437298"
"find"|"0.02436270953437298"
"penalty"|"0.02436270953437298"
"weve"|"0.02436270953437298"
"wow"|"0.02436270953437298"
"won"|"0.02436270953437298"
"probably"|"0.02436270953437298"
"europe"|"0.02436270953437298"
"last"|"0.02436270953437298"
"whole"|"0.02436270953437298"
"point"|"0.02436270953437298"
"sweet"|"0.02436270953437298"
"whatever"|"0.02436270953437298"
"simply"|"0.02436270953437298"
"else"|"0.02436270953437298"
"understand"|"0.02436270953437298"
"look"|"0.02436270953437298"
"mls"|"0.02436270953437298"
"while"|"0.02436270953437298"
"theres"|"0.02436270953437298"
"funny"|"0.02436270953437298"
"juventus"|"0.02436270953437298"
"cup"|"0.02436270953437298"
"big"|"0.02436270953437298"
"some"|"0.02436270953437298"
"back"|"0.02436270953437298"
"bayern"|"0.02436270953437298"
"sports"|"0.02436270953437298"
"question"|"0.02436270953437298"
"himself"|"0.02436270953437298"
"up"|"0.02436270953437298"
"called"|"0.02436270953437298"
"nah"|"0.02436270953437298"
"nice"|"0.02436270953437298"
"draw"|"0.02436270953437298"
"ago"|"0.02436270953437298"
"karma"|"0.02436270953437298"
"hello"|"0.02436270953437298"
"giroud"|"0.02436270953437298"
"young"|"0.02436270953437298"
"sent"|"0.02436270953437298"
"outside"|"0.02436270953437298"
"michael"|"0.02436270953437298"
"mkhitaryans"|"0.02436270953437298"
"congrats"|"0.02436270953437298"
"video"|"0.02436270953437298"
"leg"|"0.02436270953437298"
"opinion"|"0.02436270953437298"
"thats"|"0.02436270953437298"
"next"|"0.02436270953437298"
"few"|"0.02436270953437298"
"themselves"|"0.02436270953437298"
"chip"|"0.02436270953437298"
"started"|"0.02436270953437298"
"didnt"|"0.02436270953437298"
"high"|"0.02436270953437298"
"something"|"0.02436270953437298"
"united"|"0.02436270953437298"
"2017"|"0.02436270953437298"
"front"|"0.02436270953437298"
"edit"|"0.02436270953437298"
"underdog"|"0.02436270953437298"
"flair"|"0.02436270953437298"
"doing"|"0.02436270953437298"
"our"|"0.02436270953437298"
"special"|"0.02436270953437298"
"out"|"0.02436270953437298"
"red"|"0.02436270953437298"
"hazard"|"0.02436270953437298"
"could"|"0.02436270953437298"
"keep"|"0.02436270953437298"
"quality"|"0.02436270953437298"
"their"|"0.02436270953437298"
"man"|"0.02436270953437298"
"final"|"0.02436270953437298"
"onside"|"0.02436270953437298"
"see"|"0.02436270953437298"
"maybe"|"0.02436270953437298"
"bet"|"0.02436270953437298"
"need"|"0.02436270953437298"
"clearly"|"0.02436270953437298"
"able"|"0.02436270953437298"
"2016"|"0.02436270953437298"
"who"|"0.02436270953437298"
"class"|"0.02436270953437298"
"nobody"|"0.02436270953437298"
"face"|"0.02436270953437298"
"looked"|"0.02436270953437298"
"away"|"0.02436270953437298"
"chances"|"0.02436270953437298"
"teams"|"0.02436270953437298"
"joke"|"0.02436270953437298"
"wall"|"0.02436270953437298"
"pulisic"|"0.02436270953437298"
"respect"|"0.02436270953437298"
"winning"|"0.02436270953437298"
"both"|"0.02436270953437298"
"theyve"|"0.02436270953437298"
"will"|"0.02436270953437298"
"almost"|"0.02436270953437298"
"refs"|"0.02436270953437298"
"elbows"|"0.02436270953437298"
"off"|"0.02436270953437298"
"incredible"|"0.02436270953437298"
"well"|"0.02436270953437298"
"thought"|"0.02436270953437298"
"english"|"0.02436270953437298"
"less"|"0.02436270953437298"
"skill"|"0.02436270953437298"
"downvoted"|"0.02436270953437298"
"upvoted"|"0.02436270953437298"
"upvotes"|"0.02436270953437298"
"kick"|"0.02436270953437298"
"lost"|"0.02436270953437298"
"lose"|"0.02436270953437298"
"page"|"0.02436270953437298"
"home"|"0.02436270953437298"
"happens"|"0.02436270953437298"
"lead"|"0.02436270953437298"
"literally"|"0.02436270953437298"
"about"|"0.02436270953437298"
"couldnt"|"0.02436270953437298"
"biggest"|"0.02436270953437298"
"neutral"|"0.02436270953437298"
"goals"|"0.02436270953437298"
"highest"|"0.02436270953437298"
"eat"|"0.02436270953437298"
"minutes"|"0.02436270953437298"
"40"|"0.02436270953437298"
"voted"|"0.024362709534372983"
"ref"|"0.024362709534372983"
"second"|"0.024362709534372983"
"even"|"0.024362709534372983"
"wouldnt"|"0.024362709534372983"
"ever"|"0.024362709534372983"
"never"|"0.024362709534372983"
"here"|"0.024362709534372983"
"cheating"|"0.024362709534372983"
"call"|"0.024362709534372983"
"me"|"0.024362709534372983"
"my"|"0.024362709534372983"
"how"|"0.024362709534372983"
"ball"|"0.024362709534372983"
"worst"|"0.024362709534372983"
"over"|"0.024362709534372983"
"then"|"0.024362709534372983"
"good"|"0.024362709534372983"
"got"|"0.024362709534372983"
"given"|"0.024362709534372983"
"days"|"0.024362709534372983"
"already"|"0.024362709534372983"
"top"|"0.024362709534372983"
"too"|"0.024362709534372983"
"maria"|"0.024362709534372983"
"explain"|"0.024362709534372983"
"do"|"0.024362709534372983"
"watch"|"0.024362709534372983"
"bad"|"0.024362709534372983"
"uefalona"|"0.024362709534372983"
"blew"|"0.024362709534372983"
"best"|"0.024362709534372983"
"score"|"0.024362709534372983"
"wtf"|"0.024362709534372983"
"against"|"0.024362709534372983"
"if"|"0.024362709534372983"
"make"|"0.024362709534372983"
"greatest"|"0.024362709534372983"
"has"|"0.024362709534372983"
"gave"|"0.024362709534372983"
"possible"|"0.024362709534372983"
"theyre"|"0.024362709534372983"
"right"|"0.024362709534372983"
"comments"|"0.024362709534372983"
"match"|"0.024362709534372983"
"down"|"0.024362709534372983"
"absolutely"|"0.024362709534372983"
"happy"|"0.024362709534372983"
"tie"|"0.024362709534372983"
"tottenham"|"0.024362709534372983"
"did"|"0.024362709534372983"
"team"|"0.024362709534372983"
"guy"|"0.024362709534372983"
"today"|"0.024362709534372983"
"heart"|"0.024362709534372983"
"rsoccer"|"0.024362709534372983"
"1"|"0.024362709534372983"
"unbelievable"|"0.024362709534372983"
"mad"|"0.024362709534372983"
"remember"|"0.024362709534372983"
"happened"|"0.024362709534372983"
"yeah"|"0.024362709534372983"
"bradley"|"0.024362709534372983"
"year"|"0.024362709534372983"
"thing"|"0.024362709534372983"
"first"|"0.024362709534372983"
"americans"|"0.024362709534372983"
"city"|"0.024362709534372983"
"2"|"0.024362709534372983"
"than"|"0.024362709534372983"
"lmao"|"0.024362709534372983"
"say"|"0.024362709534372983"
"sure"|"0.024362709534372983"
"shot"|"0.024362709534372983"
"ground"|"0.024362709534372983"
"where"|"0.024362709534372983"
"sport"|"0.024362709534372983"
"between"|"0.024362709534372983"
"come"|"0.024362709534372983"
"champions"|"0.024362709534372983"
"those"|"0.024362709534372983"
"girouds"|"0.024362709534372983"
"different"|"0.024362709534372983"
"when"|"0.024362709534372983"
"touch"|"0.024362709534372983"
"seems"|"0.024362709534372983"
"real"|"0.024362709534372983"
"around"|"0.024362709534372983"
"gonna"|"0.024362709534372983"
"world"|"0.024362709534372983"
"either"|"0.024362709534372983"
"madrid"|"0.024362709534372983"
"or"|"0.024362709534372983"
"your"|"0.024362709534372983"
"barca"|"0.024362709534372983"
"hey"|"0.024362709534372983"
"agree"|"0.024362709534372983"
"gone"|"0.024362709534372983"
"an"|"0.024362709534372983"
"watched"|"0.024362709534372983"
"again"|"0.024362709534372983"
"deserve"|"0.024362709534372983"
"5"|"0.024362709534372983"
"barcelona"|"0.024362709534372983"
"fan"|"0.024362709534372983"
"flick"|"0.024362709534372983"
"past"|"0.024362709534372983"
"more"|"0.024362709534372983"
"huge"|"0.024362709534372983"
"playing"|"0.024362709534372983"
"through"|"0.024362709534372983"
"someone"|"0.024362709534372983"
"foot"|"0.024362709534372983"
"everyone"|"0.024362709534372983"
"england"|"0.024362709534372983"
"really"|"0.024362709534372983"
"part"|"0.024362709534372983"
"believe"|"0.024362709534372983"
"wasnt"|"0.024362709534372983"
"zidanes"|"0.024362709534372983"
"also"|"0.024362709534372983"
"most"|"0.024362709534372983"
"pretty"|"0.024362709534372983"
"suarez"|"0.024362709534372983"
"insane"|"0.024362709534372983"
"close"|"0.024362709534372983"
"please"|"0.024362709534372983"
"league"|"0.024362709534372983"
"mkhitaryan"|"0.024362709534372983"
"vardy"|"0.024362709534372983"
"referee"|"0.024362709534372983"
"fucking"|"0.024362709534372983"
"anything"|"0.024362709534372983"
"into"|"0.024362709534372983"
"long"|"0.024362709534372983"
"us"|"0.024362709534372983"
"far"|"0.024362709534372983"
"saying"|"0.024362709534372983"
"go"|"0.024362709534372983"
"does"|"0.024362709534372983"
"31"|"0.024362709534372983"
"makes"|"0.024362709534372983"
"his"|"0.024362709534372983"
"stop"|"0.024362709534372983"
"honestly"|"0.024362709534372983"
"mate"|"0.024362709534372983"
"cunts"|"0.024362709534372983"
"exactly"|"0.024362709534372983"
"result"|"0.024362709534372983"
"which"|"0.024362709534372983"
"fact"|"0.024362709534372983"
"fans"|"0.024362709534372983"
"should"|"0.024362709534372983"
"watching"|"0.024362709534372983"
"ones"|"0.024362709534372983"
"we"|"0.024362709534372983"
"etc"|"0.024362709534372983"
"comment"|"0.024362709534372983"
"cl"|"0.024362709534372983"
"fault"|"0.024362709534372983"
"vs"|"0.024362709534372983"
"know"|"0.024362709534372983"
"because"|"0.024362709534372983"
"rall"|"0.024362709534372983"
"doesnt"|"0.024362709534372983"
"been"|"0.024362709534372983"
"made"|"0.024362709534372983"
"great"|"0.024362709534372987"
"win"|"0.024362709534372987"
